<!--
- Licensed Materials - Property of IBM Corp.
- IBM UrbanCode Build
- IBM UrbanCode Deploy
- IBM UrbanCode Release
- IBM AnthillPro
- (c) Copyright IBM Corporation 2002, 2014. All Rights Reserved.
-
- U.S. Government Users Restricted Rights - Use, duplication or disclosure restricted by
- GSA ADP Schedule Contract with IBM Corp.
-->
<project name="ibm_ucb_ant_client" basedir="." default="resolve"
    xmlns:codestation="antlib:com.urbancode.ubuild.codestation.client">

    <property name="codestation.project" value="Project_Name"/>
    <property name="codestation.process" value="Process_Name"/>

    <property environment="env"/>

    <!--
      This example script is a sample of a Ant script that demonstrates
      the use of the CodeStation Ant tasks and using server-based dependency
      configuration.  
      
      The ant tasks can be installed by placing the codestation2-client.jar
      into the user's ~/.ant/lib directory. These directories may need to be
      created if they do not already exist.
         
      These targets are primarily for developer usage.  The IBM UrbanCode Build
      server has dedicated steps for doing resolving and publishing of artifacts.
    -->

    <!--
      For this example, we use a local ibm-ucb-cs.properties. Normally, the
      CodeStation client will attempt to read these same properties from a
      .codestation/ibm-ucb-cs.properties file in the user's home directory.
    -->
    <property file="ibm-ucb-cs.properties"/>

    <target name="resolve" unless="env.BUILD_LIFE_ID" 
            description="This target will resolve all dependencies for the
                         given project and process using the latest builds
                         from the server and the user's local repository">
        
        <codestation:resolve
                     basedir="."
                     server="${codestation.server}"
                     username="${codestation.user}"
                     password="${codestation.password}"
                     project="${codestation.project}"
                     process="${codestation.process}" />
    </target>

    <target name="retrieve" 
            description="This target will retrieve the artifacts in the
                         artifact set 'artifacts' from the latest build
                         from the server and the user's local repository">
        
        <codestation:retrieve
                     basedir="lib/build"
                     server="${codestation.server}"
                     username="${codestation.user}"
                     password="${codestation.password}"
                     project="Build Support Project"
                     process="Build from Trunk"
                     setName="artifacts"/>
    </target>

</project>