<?xml version="1.0" encoding="UTF-8"?>
<!--
- Licensed Materials - Property of IBM Corp.
- IBM UrbanCode Build
- (c) Copyright IBM Corporation 2012, 2014. All Rights Reserved.
-
- U.S. Government Users Restricted Rights - Use, duplication or disclosure restricted by
- GSA ADP Schedule Contract with IBM Corp.
-->
<pluginInfo>
  <author>
    <name>UrbanCode</name>
    <email></email>
    <website>http://urbancode.com</website>
  </author>
  <licenses>
    <license></license>
  </licenses>
  <integrationType>SCM</integrationType>
  <categories>
    <category>windows</category>
    <category>linux</category>
    <category>unix</category>
    <category>utility</category>
    <category>scripting</category>
  </categories>
  <versions>
    <version name="1">
      <releaseNote>
        Initial creation of a preflight plugin for uBuild.
      </releaseNote>
    </version>
  </versions>
</pluginInfo>