-- Licensed Materials - Property of IBM Corp.
-- IBM UrbanCode Build
-- (c) Copyright IBM Corporation 2012, 2014. All Rights Reserved.
--
-- U.S. Government Users Restricted Rights - Use, duplication or disclosure restricted by
-- GSA ADP Schedule Contract with IBM Corp.
INSERT INTO REP_DIMENSION (ID, NAME, DISPLAY_NAME, DESCRIPTION, MUTABLE)
VALUES ('00000000-0000-0000-0000-000000000001', 'DATE_DIM', 'Date Information', 'Date information', 0);

INSERT INTO REP_DIMENSION_COLUMN (PARENT_ID, NAME, DESCRIPTION, NULLABLE, PRIMARY_KEY)
VALUES ('00000000-0000-0000-0000-000000000001', 'DATE_VAL', 'The formatted date: yyyy-mm-dd', 0, 1);
INSERT INTO REP_DIMENSION_COLUMN (PARENT_ID, NAME, DESCRIPTION, NULLABLE, PRIMARY_KEY)
VALUES ('00000000-0000-0000-0000-000000000001', 'YEAR_NUM', 'The numeric year', 0, 0);
INSERT INTO REP_DIMENSION_COLUMN (PARENT_ID, NAME, DESCRIPTION, NULLABLE, PRIMARY_KEY)
VALUES ('00000000-0000-0000-0000-000000000001', 'MONTH', 'The numeric month', 0, 0);
INSERT INTO REP_DIMENSION_COLUMN (PARENT_ID, NAME, DESCRIPTION, NULLABLE, PRIMARY_KEY)
VALUES ('00000000-0000-0000-0000-000000000001', 'DAY_OF_WEEK', 'The numeric day of the week', 0, 0);
INSERT INTO REP_DIMENSION_COLUMN (PARENT_ID, NAME, DESCRIPTION, NULLABLE, PRIMARY_KEY)
VALUES ('00000000-0000-0000-0000-000000000001', 'DAY_OF_MONTH', 'The numeric day of the month', 0, 0);

INSERT INTO REP_DIMENSION (ID, NAME, DISPLAY_NAME, DESCRIPTION, MUTABLE)
VALUES ('00000000-0000-0000-0000-000000000002', 'TIME_DIM', 'Time Information', 'Time information', 0);

INSERT INTO REP_DIMENSION_COLUMN (PARENT_ID, NAME, DESCRIPTION, NULLABLE, PRIMARY_KEY)
VALUES ('00000000-0000-0000-0000-000000000002', 'TIME_VAL', 'The formatted time: hh:mm:ss', 0, 1);
INSERT INTO REP_DIMENSION_COLUMN (PARENT_ID, NAME, DESCRIPTION, NULLABLE, PRIMARY_KEY)
VALUES ('00000000-0000-0000-0000-000000000002', 'HOUR_OF_DAY', 'The hour in the day: [0-23]', 0, 0);
INSERT INTO REP_DIMENSION_COLUMN (PARENT_ID, NAME, DESCRIPTION, NULLABLE, PRIMARY_KEY)
VALUES ('00000000-0000-0000-0000-000000000002', 'MINUTE_OF_HOUR', 'The minute in the hour: [0-59]', 0, 0);
INSERT INTO REP_DIMENSION_COLUMN (PARENT_ID, NAME, DESCRIPTION, NULLABLE, PRIMARY_KEY)
VALUES ('00000000-0000-0000-0000-000000000002', 'SECOND_OF_MINUTE', 'The seconds in the minute: [0-59]', 0, 0);

INSERT INTO REP_DIMENSION (ID, NAME, DISPLAY_NAME, DESCRIPTION, MUTABLE)
VALUES ('00000000-0000-0000-0000-000000000003', 'USER_DIM', 'Users', 'User information', 1);

INSERT INTO REP_DIMENSION_COLUMN (PARENT_ID, NAME, DESCRIPTION, NULLABLE, PRIMARY_KEY)
VALUES ('00000000-0000-0000-0000-000000000003', 'USER_ID', 'The user id', 0, 1);
INSERT INTO REP_DIMENSION_COLUMN (PARENT_ID, NAME, DESCRIPTION, NULLABLE, PRIMARY_KEY)
VALUES ('00000000-0000-0000-0000-000000000003', 'USER_NAME', 'The user name', 0, 0);
INSERT INTO REP_DIMENSION_COLUMN (PARENT_ID, NAME, DESCRIPTION, NULLABLE, PRIMARY_KEY)
VALUES ('00000000-0000-0000-0000-000000000003', 'ACTUAL_NAME', 'The actual name of the user', 1, 0);
INSERT INTO REP_DIMENSION_COLUMN (PARENT_ID, NAME, DESCRIPTION, NULLABLE, PRIMARY_KEY)
VALUES ('00000000-0000-0000-0000-000000000003', 'EMAIL', 'The user email address', 1, 0);
INSERT INTO REP_DIMENSION_COLUMN (PARENT_ID, NAME, DESCRIPTION, NULLABLE, PRIMARY_KEY)
VALUES ('00000000-0000-0000-0000-000000000003', 'IM', 'The user IM identifier', 1, 0);
INSERT INTO REP_DIMENSION_COLUMN (PARENT_ID, NAME, DESCRIPTION, NULLABLE, PRIMARY_KEY)
VALUES ('00000000-0000-0000-0000-000000000003', 'AUTH_REALM_ID', 'The authentication realm id', 0, 0);
INSERT INTO REP_DIMENSION_COLUMN (PARENT_ID, NAME, DESCRIPTION, NULLABLE, PRIMARY_KEY)
VALUES ('00000000-0000-0000-0000-000000000003', 'AUTH_REALM_NAME', 'The authentication realm name', 0, 0);

INSERT INTO REP_DIMENSION (ID, NAME, DISPLAY_NAME, DESCRIPTION, MUTABLE)
VALUES ('00000000-0000-0000-0000-000000000004', 'CONFIG_OBJECT_DIM', 'Audited Objects', 'Configuration object information', 1);

INSERT INTO REP_DIMENSION_COLUMN (PARENT_ID, NAME, DESCRIPTION, NULLABLE, PRIMARY_KEY)
VALUES ('00000000-0000-0000-0000-000000000004', 'HANDLE', 'A unique identifier for the config object. Includes the object type and id.', 0, 1);
INSERT INTO REP_DIMENSION_COLUMN (PARENT_ID, NAME, DESCRIPTION, NULLABLE, PRIMARY_KEY)
VALUES ('00000000-0000-0000-0000-000000000004', 'OBJECT_TYPE', 'The type of the configuration object', 0, 0);
INSERT INTO REP_DIMENSION_COLUMN (PARENT_ID, NAME, DESCRIPTION, NULLABLE, PRIMARY_KEY)
VALUES ('00000000-0000-0000-0000-000000000004', 'OBJECT_ID', 'The id of the configuration object', 0, 0);
INSERT INTO REP_DIMENSION_COLUMN (PARENT_ID, NAME, DESCRIPTION, NULLABLE, PRIMARY_KEY)
VALUES ('00000000-0000-0000-0000-000000000004', 'OBJECT_NAME', 'The name of the configuration object', 0, 0);

INSERT INTO REP_FACT_TABLE (ID, NAME, DISPLAY_NAME, DESCRIPTION)
VALUES ('00000000-0000-0000-0000-000000000005', 'OBJECT_CONFIG_AUDITING', 'Audit Records', 'Auditing records on configuration changes');

INSERT INTO REP_FACT_TABLE_COLUMN (FACT_TABLE_ID, NAME, DESCRIPTION, NULLABLE)
VALUES ('00000000-0000-0000-0000-000000000005', 'ACTION', '''Create'', ''Edit'', or ''Delete''', 0);
INSERT INTO REP_FACT_TABLE_COLUMN (FACT_TABLE_ID, NAME, DESCRIPTION, NULLABLE)
VALUES ('00000000-0000-0000-0000-000000000005', 'DESCRIPTION', 'A description of the action', 1);
INSERT INTO REP_FACT_TABLE_COLUMN (FACT_TABLE_ID, NAME, DESCRIPTION, NULLABLE)
VALUES ('00000000-0000-0000-0000-000000000005', 'OLD_VALUE', 'The valued before the edit', 1);
INSERT INTO REP_FACT_TABLE_COLUMN (FACT_TABLE_ID, NAME, DESCRIPTION, NULLABLE)
VALUES ('00000000-0000-0000-0000-000000000005', 'NEW_VALUE', 'The value after the edit', 1);
INSERT INTO REP_FACT_TABLE_COLUMN (FACT_TABLE_ID, NAME, DESCRIPTION, NULLABLE, DIMENSION_ID)
VALUES ('00000000-0000-0000-0000-000000000005', 'ACTION_USER', 'The user who performed the action', 0, '00000000-0000-0000-0000-000000000003');
INSERT INTO REP_FACT_TABLE_COLUMN (FACT_TABLE_ID, NAME, DESCRIPTION, NULLABLE, DIMENSION_ID)
VALUES ('00000000-0000-0000-0000-000000000005', 'CONFIG_OBJECT', 'The configuration object acted on', 0, '00000000-0000-0000-0000-000000000004');
INSERT INTO REP_FACT_TABLE_COLUMN (FACT_TABLE_ID, NAME, DESCRIPTION, NULLABLE, DIMENSION_ID)
VALUES ('00000000-0000-0000-0000-000000000005', 'ACTION_DATE', 'The action date', 0, '00000000-0000-0000-0000-000000000001');
INSERT INTO REP_FACT_TABLE_COLUMN (FACT_TABLE_ID, NAME, DESCRIPTION, NULLABLE, DIMENSION_ID)
VALUES ('00000000-0000-0000-0000-000000000005', 'ACTION_TIME', 'The action time', 0, '00000000-0000-0000-0000-000000000002');

INSERT INTO REP_DIMENSION (ID, NAME, DISPLAY_NAME, DESCRIPTION, MUTABLE)
VALUES ('00000000-0000-0000-0000-000000000006', 'PROJECT_TEMPLATE_DIM', 'Project Templates', 'Project Template', 1);

INSERT INTO REP_DIMENSION_COLUMN (PARENT_ID, NAME, DESCRIPTION, NULLABLE, PRIMARY_KEY)
VALUES ('00000000-0000-0000-0000-000000000006', 'TEMPLATE_ID', 'The id of the project template.', 0, 1);
INSERT INTO REP_DIMENSION_COLUMN (PARENT_ID, NAME, DESCRIPTION, NULLABLE, PRIMARY_KEY)
VALUES ('00000000-0000-0000-0000-000000000006', 'TEMPLATE_NAME', 'The name of the project template.', 0, 0);

INSERT INTO REP_DIMENSION (ID, NAME, DISPLAY_NAME, DESCRIPTION, MUTABLE)
VALUES ('00000000-0000-0000-0000-000000000007', 'PROCESS_TEMPLATE_DIM', 'Process Templates', 'Process Template', 1);

INSERT INTO REP_DIMENSION_COLUMN (PARENT_ID, NAME, DESCRIPTION, NULLABLE, PRIMARY_KEY)
VALUES ('00000000-0000-0000-0000-000000000007', 'TEMPLATE_ID', 'The id of the process template.', 0, 1);
INSERT INTO REP_DIMENSION_COLUMN (PARENT_ID, NAME, DESCRIPTION, NULLABLE, PRIMARY_KEY)
VALUES ('00000000-0000-0000-0000-000000000007', 'TEMPLATE_NAME', 'The name of the process template.', 0, 0);
INSERT INTO REP_DIMENSION_COLUMN (PARENT_ID, NAME, DESCRIPTION, NULLABLE, PRIMARY_KEY)
VALUES ('00000000-0000-0000-0000-000000000007', 'PROCESS_TYPE', 'The type of process. Build or Secondary.', 0, 0);

INSERT INTO REP_DIMENSION (ID, NAME, DISPLAY_NAME, DESCRIPTION, MUTABLE)
VALUES ('00000000-0000-0000-0000-000000000008', 'PROJECT_DIM', 'Projects', 'Project', 1);

INSERT INTO REP_DIMENSION_COLUMN (PARENT_ID, NAME, DESCRIPTION, NULLABLE, PRIMARY_KEY)
VALUES ('00000000-0000-0000-0000-000000000008', 'PROJECT_ID', 'The id of the project.', 0, 1);
INSERT INTO REP_DIMENSION_COLUMN (PARENT_ID, NAME, DESCRIPTION, NULLABLE, PRIMARY_KEY)
VALUES ('00000000-0000-0000-0000-000000000008', 'PROJECT_NAME', 'The name of the project.', 0, 0);
INSERT INTO REP_DIMENSION_COLUMN (PARENT_ID, NAME, DESCRIPTION, NULLABLE, DIMENSION_ID)
VALUES ('00000000-0000-0000-0000-000000000008', 'PROJECT_TEMPLATE', 'The project template used by the project.', 0, '00000000-0000-0000-0000-000000000006');

INSERT INTO REP_DIMENSION (ID, NAME, DISPLAY_NAME, DESCRIPTION, MUTABLE)
VALUES ('00000000-0000-0000-0000-000000000009', 'PROCESS_DIM', 'Project Processes', 'Process', 1);

INSERT INTO REP_DIMENSION_COLUMN (PARENT_ID, NAME, DESCRIPTION, NULLABLE, PRIMARY_KEY)
VALUES ('00000000-0000-0000-0000-000000000009', 'PROCESS_ID', 'The id of the process.', 0, 1);
INSERT INTO REP_DIMENSION_COLUMN (PARENT_ID, NAME, DESCRIPTION, NULLABLE, PRIMARY_KEY)
VALUES ('00000000-0000-0000-0000-000000000009', 'PROCESS_NAME', 'The name of the process.', 0, 0);
INSERT INTO REP_DIMENSION_COLUMN (PARENT_ID, NAME, DESCRIPTION, NULLABLE, DIMENSION_ID)
VALUES ('00000000-0000-0000-0000-000000000009', 'PROJECT', 'The project the process is in.', 0, '00000000-0000-0000-0000-000000000008');
INSERT INTO REP_DIMENSION_COLUMN (PARENT_ID, NAME, DESCRIPTION, NULLABLE, DIMENSION_ID)
VALUES ('00000000-0000-0000-0000-000000000009', 'PROCESS_TEMPLATE', 'The process template used by the process.', 0, '00000000-0000-0000-0000-000000000007');

INSERT INTO REP_DIMENSION (ID, NAME, DISPLAY_NAME, DESCRIPTION, MUTABLE)
VALUES ('00000000-0000-0000-0000-000000000010', 'BUILD_LIFE_DIM', 'Build Lives', 'Build Life', 1);

INSERT INTO REP_DIMENSION_COLUMN (PARENT_ID, NAME, DESCRIPTION, NULLABLE, PRIMARY_KEY)
VALUES ('00000000-0000-0000-0000-000000000010', 'BUILD_LIFE_ID', 'The id of the build life.', 0, 1);
INSERT INTO REP_DIMENSION_COLUMN (PARENT_ID, NAME, DESCRIPTION, NULLABLE, DIMENSION_ID)
VALUES ('00000000-0000-0000-0000-000000000010', 'BUILD_PROCESS', 'The build process of the build life.', 0, '00000000-0000-0000-0000-000000000009');
INSERT INTO REP_DIMENSION_COLUMN (PARENT_ID, NAME, DESCRIPTION, NULLABLE, DIMENSION_ID)
VALUES ('00000000-0000-0000-0000-000000000010', 'CREATE_DATE', 'The creation date of the build life.', 0, '00000000-0000-0000-0000-000000000001');
INSERT INTO REP_DIMENSION_COLUMN (PARENT_ID, NAME, DESCRIPTION, NULLABLE, DIMENSION_ID)
VALUES ('00000000-0000-0000-0000-000000000010', 'CREATE_TIME', 'The creation time of the build life.', 0, '00000000-0000-0000-0000-000000000002');

INSERT INTO REP_DIMENSION (ID, NAME, DISPLAY_NAME, DESCRIPTION, MUTABLE)
VALUES ('00000000-0000-0000-0000-000000000012', 'TEST_DIM', 'Tests', 'Test', 1);

INSERT INTO REP_DIMENSION_COLUMN (PARENT_ID, NAME, DESCRIPTION, NULLABLE, PRIMARY_KEY)
VALUES ('00000000-0000-0000-0000-000000000012', 'TEST_ID', 'The id of the test.', 0, 1);
INSERT INTO REP_DIMENSION_COLUMN (PARENT_ID, NAME, DESCRIPTION, NULLABLE, PRIMARY_KEY)
VALUES ('00000000-0000-0000-0000-000000000012', 'TEST_NAME', 'The test name.', 0, 0);
INSERT INTO REP_DIMENSION_COLUMN (PARENT_ID, NAME, DESCRIPTION, NULLABLE, PRIMARY_KEY)
VALUES ('00000000-0000-0000-0000-000000000012', 'TEST_SUITE', 'The test suite.', 1, 0);
INSERT INTO REP_DIMENSION_COLUMN (PARENT_ID, NAME, DESCRIPTION, NULLABLE, PRIMARY_KEY)
VALUES ('00000000-0000-0000-0000-000000000012', 'TEST_TYPE', 'The test type.', 0, 0);

INSERT INTO REP_DIMENSION (ID, NAME, DISPLAY_NAME, DESCRIPTION, MUTABLE)
VALUES ('00000000-0000-0000-0000-000000000013', 'TEST_REPORT_DIM', 'Test Reports', 'Test Report', 1);

INSERT INTO REP_DIMENSION_COLUMN (PARENT_ID, NAME, DESCRIPTION, NULLABLE, PRIMARY_KEY)
VALUES ('00000000-0000-0000-0000-000000000013', 'REPORT_ID', 'The id of the report.', 0, 1);
INSERT INTO REP_DIMENSION_COLUMN (PARENT_ID, NAME, DESCRIPTION, NULLABLE, PRIMARY_KEY)
VALUES ('00000000-0000-0000-0000-000000000013', 'REPORT_NAME', 'The report name.', 0, 0);
INSERT INTO REP_DIMENSION_COLUMN (PARENT_ID, NAME, DESCRIPTION, NULLABLE, DIMENSION_ID)
VALUES ('00000000-0000-0000-0000-000000000013', 'BUILD_LIFE', 'The build life the report is on.', 0, '00000000-0000-0000-0000-000000000010');
INSERT INTO REP_DIMENSION_COLUMN (PARENT_ID, NAME, DESCRIPTION, NULLABLE, DIMENSION_ID)
VALUES ('00000000-0000-0000-0000-000000000013', 'REPORT_DATE', 'The date of the report.', 0, '00000000-0000-0000-0000-000000000001');
INSERT INTO REP_DIMENSION_COLUMN (PARENT_ID, NAME, DESCRIPTION, NULLABLE, DIMENSION_ID)
VALUES ('00000000-0000-0000-0000-000000000013', 'REPORT_TIME', 'The time of the report.', 0, '00000000-0000-0000-0000-000000000002');

INSERT INTO REP_FACT_TABLE (ID, NAME, DISPLAY_NAME, DESCRIPTION)
VALUES ('00000000-0000-0000-0000-000000000014', 'TEST_INSTANCE', 'Test Executions', 'Test execution in a build life process');

INSERT INTO REP_FACT_TABLE_COLUMN (FACT_TABLE_ID, NAME, DESCRIPTION, NULLABLE, DIMENSION_ID)
VALUES ('00000000-0000-0000-0000-000000000014', 'TEST', 'The test executed.', 0, '00000000-0000-0000-0000-000000000012');
INSERT INTO REP_FACT_TABLE_COLUMN (FACT_TABLE_ID, NAME, DESCRIPTION, NULLABLE, DIMENSION_ID)
VALUES ('00000000-0000-0000-0000-000000000014', 'REPORT', 'The report the test executed in.', 0, '00000000-0000-0000-0000-000000000013');
INSERT INTO REP_FACT_TABLE_COLUMN (FACT_TABLE_ID, NAME, DESCRIPTION, NULLABLE)
VALUES ('00000000-0000-0000-0000-000000000014', 'RESULT', 'The test result. Usually ''success'' or ''failure''.', 0);
INSERT INTO REP_FACT_TABLE_COLUMN (FACT_TABLE_ID, NAME, DESCRIPTION, NULLABLE)
VALUES ('00000000-0000-0000-0000-000000000014', 'DURATION', 'The duration of the test in milliseconds.', 1);
INSERT INTO REP_FACT_TABLE_COLUMN (FACT_TABLE_ID, NAME, DESCRIPTION, NULLABLE)
VALUES ('00000000-0000-0000-0000-000000000014', 'MESSAGE', 'A test message that may describe the failure.', 1);


INSERT INTO REP_FACT_TABLE (ID, NAME, DISPLAY_NAME, DESCRIPTION)
VALUES ('00000000-0000-0000-0000-000000000025', 'PROCESS_EXECUTION', 'Process Executions', 'Process Execution');

INSERT INTO REP_FACT_TABLE_COLUMN (FACT_TABLE_ID, NAME, DESCRIPTION, NULLABLE)
VALUES ('00000000-0000-0000-0000-000000000025', 'PROCESS_ID', 'The id of the process instance.', 0);
INSERT INTO REP_FACT_TABLE_COLUMN (FACT_TABLE_ID, NAME, DESCRIPTION, NULLABLE, DIMENSION_ID)
VALUES ('00000000-0000-0000-0000-000000000025', 'PROCESS', 'The process executed.', 0, '00000000-0000-0000-0000-000000000009');
INSERT INTO REP_FACT_TABLE_COLUMN (FACT_TABLE_ID, NAME, DESCRIPTION, NULLABLE, DIMENSION_ID)
VALUES ('00000000-0000-0000-0000-000000000025', 'BUILD_LIFE', 'The build life the process was executed on.', 1, '00000000-0000-0000-0000-000000000010');
INSERT INTO REP_FACT_TABLE_COLUMN (FACT_TABLE_ID, NAME, DESCRIPTION, NULLABLE, DIMENSION_ID)
VALUES ('00000000-0000-0000-0000-000000000025', 'REQUEST_DATE', 'The date the process was requested', 0, '00000000-0000-0000-0000-000000000001');
INSERT INTO REP_FACT_TABLE_COLUMN (FACT_TABLE_ID, NAME, DESCRIPTION, NULLABLE, DIMENSION_ID)
VALUES ('00000000-0000-0000-0000-000000000025', 'REQUEST_TIME', 'The time the process was requested', 0, '00000000-0000-0000-0000-000000000002');
INSERT INTO REP_FACT_TABLE_COLUMN (FACT_TABLE_ID, NAME, DESCRIPTION, NULLABLE, DIMENSION_ID)
VALUES ('00000000-0000-0000-0000-000000000025', 'START_DATE', 'The date the process started', 0, '00000000-0000-0000-0000-000000000001');
INSERT INTO REP_FACT_TABLE_COLUMN (FACT_TABLE_ID, NAME, DESCRIPTION, NULLABLE, DIMENSION_ID)
VALUES ('00000000-0000-0000-0000-000000000025', 'START_TIME', 'The time the process started', 0, '00000000-0000-0000-0000-000000000002');
INSERT INTO REP_FACT_TABLE_COLUMN (FACT_TABLE_ID, NAME, DESCRIPTION, NULLABLE, DIMENSION_ID)
VALUES ('00000000-0000-0000-0000-000000000025', 'END_DATE', 'The date the process ended', 0, '00000000-0000-0000-0000-000000000001');
INSERT INTO REP_FACT_TABLE_COLUMN (FACT_TABLE_ID, NAME, DESCRIPTION, NULLABLE, DIMENSION_ID)
VALUES ('00000000-0000-0000-0000-000000000025', 'END_TIME', 'The time the process ended', 0, '00000000-0000-0000-0000-000000000002');
INSERT INTO REP_FACT_TABLE_COLUMN (FACT_TABLE_ID, NAME, DESCRIPTION, NULLABLE, DIMENSION_ID)
VALUES ('00000000-0000-0000-0000-000000000025', 'REQUEST_USER', 'The user who requested the process', 0, '00000000-0000-0000-0000-000000000003');
INSERT INTO REP_FACT_TABLE_COLUMN (FACT_TABLE_ID, NAME, DESCRIPTION, NULLABLE)
VALUES ('00000000-0000-0000-0000-000000000025', 'REQUEST_SOURCE', 'The type of request source.', 0);
INSERT INTO REP_FACT_TABLE_COLUMN (FACT_TABLE_ID, NAME, DESCRIPTION, NULLABLE)
VALUES ('00000000-0000-0000-0000-000000000025', 'DURATION', 'The duration of the process in seconds.', 0);
INSERT INTO REP_FACT_TABLE_COLUMN (FACT_TABLE_ID, NAME, DESCRIPTION, NULLABLE)
VALUES ('00000000-0000-0000-0000-000000000025', 'RESULT', 'The result of the process.', 0);
INSERT INTO REP_FACT_TABLE_COLUMN (FACT_TABLE_ID, NAME, DESCRIPTION, NULLABLE)
VALUES ('00000000-0000-0000-0000-000000000025', 'RELATIVE_RESULT', 'The result of the build process in relation to the previous run.', 1);



INSERT INTO REP_DIMENSION (ID, NAME, DISPLAY_NAME, DESCRIPTION, MUTABLE)
VALUES ('00000000-0000-0000-0000-000000000015', 'REPOSITORY_DIM', 'Source Repositories', 'Repository', 1);

INSERT INTO REP_DIMENSION_COLUMN (PARENT_ID, NAME, DESCRIPTION, NULLABLE, PRIMARY_KEY)
VALUES ('00000000-0000-0000-0000-000000000015', 'REPO_ID', 'The id of the repository.', 0, 1);
INSERT INTO REP_DIMENSION_COLUMN (PARENT_ID, NAME, DESCRIPTION, NULLABLE, PRIMARY_KEY)
VALUES ('00000000-0000-0000-0000-000000000015', 'REPO_NAME', 'The name of the repository.', 0, 0);
INSERT INTO REP_DIMENSION_COLUMN (PARENT_ID, NAME, DESCRIPTION, NULLABLE, PRIMARY_KEY)
VALUES ('00000000-0000-0000-0000-000000000015', 'REPO_TYPE', 'The type of the repository', 0, 0);

INSERT INTO REP_DIMENSION (ID, NAME, DISPLAY_NAME, DESCRIPTION, MUTABLE)
VALUES ('00000000-0000-0000-0000-000000000016', 'SOURCE_CONFIG_DIM', 'Source Configs', 'Source Config', 1);

INSERT INTO REP_DIMENSION_COLUMN (PARENT_ID, NAME, DESCRIPTION, NULLABLE, PRIMARY_KEY)
VALUES ('00000000-0000-0000-0000-000000000016', 'SOURCE_CONFIG_ID', 'The id of the process template.', 0, 1);
INSERT INTO REP_DIMENSION_COLUMN (PARENT_ID, NAME, DESCRIPTION, NULLABLE, PRIMARY_KEY)
VALUES ('00000000-0000-0000-0000-000000000016', 'SOURCE_CONFIG_NAME', 'The name of the process template.', 0, 0);
INSERT INTO REP_DIMENSION_COLUMN (PARENT_ID, NAME, DESCRIPTION, NULLABLE, DIMENSION_ID)
VALUES ('00000000-0000-0000-0000-000000000016', 'REPOSITORY', 'The repository held by a source configuration.', 0, '00000000-0000-0000-0000-000000000015');

INSERT INTO REP_DIMENSION (ID, NAME, DISPLAY_NAME, DESCRIPTION, MUTABLE)
VALUES ('00000000-0000-0000-0000-000000000018', 'REPO_USER_DIM', 'Source Repository Users', 'Repository User', 1);

INSERT INTO REP_DIMENSION_COLUMN (PARENT_ID, NAME, DESCRIPTION, NULLABLE, PRIMARY_KEY)
VALUES ('00000000-0000-0000-0000-000000000018', 'REPO_USER_ID', 'The id of the repository user', 0, 1);
INSERT INTO REP_DIMENSION_COLUMN (PARENT_ID, NAME, DESCRIPTION, NULLABLE, PRIMARY_KEY)
VALUES ('00000000-0000-0000-0000-000000000018', 'REPO_USER_NAME', 'The name of the repository user', 0, 0);
INSERT INTO REP_DIMENSION_COLUMN (PARENT_ID, NAME, DESCRIPTION, NULLABLE, DIMENSION_ID)
VALUES ('00000000-0000-0000-0000-000000000018', 'REPOSITORY', 'The repository the user is associated with', 0, '00000000-0000-0000-0000-000000000015');

INSERT INTO REP_DIMENSION (ID, NAME, DISPLAY_NAME, DESCRIPTION, MUTABLE)
VALUES ('00000000-0000-0000-0000-000000000017', 'CHANGE_SET_DIM', 'Source Change Sets', 'Change Set', 0);

INSERT INTO REP_DIMENSION_COLUMN (PARENT_ID, NAME, DESCRIPTION, NULLABLE, PRIMARY_KEY)
VALUES ('00000000-0000-0000-0000-000000000017', 'CHANGE_SET_ID', 'The id of the changeset', 0, 1);
INSERT INTO REP_DIMENSION_COLUMN (PARENT_ID, NAME, DESCRIPTION, NULLABLE, PRIMARY_KEY)
VALUES ('00000000-0000-0000-0000-000000000017', 'SCM_ID', 'The id of the SCM object.', 1, 0);
INSERT INTO REP_DIMENSION_COLUMN (PARENT_ID, NAME, DESCRIPTION, NULLABLE, PRIMARY_KEY)
VALUES ('00000000-0000-0000-0000-000000000017', 'CHANGE_COMMENT', 'The comment on the changeset', 1, 0);
INSERT INTO REP_DIMENSION_COLUMN (PARENT_ID, NAME, DESCRIPTION, NULLABLE, PRIMARY_KEY)
VALUES ('00000000-0000-0000-0000-000000000017', 'CHANGE_MODULE', 'The module associated with the change', 1, 0);
INSERT INTO REP_DIMENSION_COLUMN (PARENT_ID, NAME, DESCRIPTION, NULLABLE, PRIMARY_KEY)
VALUES ('00000000-0000-0000-0000-000000000017', 'CHANGE_BRANCH', 'The branch the change was made on', 1, 0);
INSERT INTO REP_DIMENSION_COLUMN (PARENT_ID, NAME, DESCRIPTION, NULLABLE, PRIMARY_KEY)
VALUES ('00000000-0000-0000-0000-000000000017', 'CHANGED_FILES', 'The number of changed files in this set', 0, 0);
INSERT INTO REP_DIMENSION_COLUMN (PARENT_ID, NAME, DESCRIPTION, NULLABLE, DIMENSION_ID)
VALUES ('00000000-0000-0000-0000-000000000017', 'CHANGE_DATE', 'The date of the change', 0, '00000000-0000-0000-0000-000000000001');
INSERT INTO REP_DIMENSION_COLUMN (PARENT_ID, NAME, DESCRIPTION, NULLABLE, DIMENSION_ID)
VALUES ('00000000-0000-0000-0000-000000000017', 'CHANGE_TIME', 'The time of the change', 0, '00000000-0000-0000-0000-000000000002');
INSERT INTO REP_DIMENSION_COLUMN (PARENT_ID, NAME, DESCRIPTION, NULLABLE, DIMENSION_ID)
VALUES ('00000000-0000-0000-0000-000000000017', 'SOURCE_CONFIG', 'The source configuration behind the changeset.', 0, '00000000-0000-0000-0000-000000000016');
INSERT INTO REP_DIMENSION_COLUMN (PARENT_ID, NAME, DESCRIPTION, NULLABLE, DIMENSION_ID)
VALUES ('00000000-0000-0000-0000-000000000017', 'REPO_USER', 'The repository user behind the change', 0, '00000000-0000-0000-0000-000000000018');

INSERT INTO REP_FACT_TABLE (ID, NAME, DISPLAY_NAME, DESCRIPTION)
VALUES ('00000000-0000-0000-0000-000000000021', 'CHANGE_SET_PROPERTY', 'Source Change Properties', 'A property for a change set');

INSERT INTO REP_FACT_TABLE_COLUMN (FACT_TABLE_ID, NAME, DESCRIPTION, NULLABLE)
VALUES ('00000000-0000-0000-0000-000000000021', 'PROP_NAME', 'The name of the property', 0);
INSERT INTO REP_FACT_TABLE_COLUMN (FACT_TABLE_ID, NAME, DESCRIPTION, NULLABLE)
VALUES ('00000000-0000-0000-0000-000000000021', 'PROP_VALUE', 'The value of the property', 0);
INSERT INTO REP_FACT_TABLE_COLUMN (FACT_TABLE_ID, NAME, DESCRIPTION, NULLABLE, DIMENSION_ID)
VALUES ('00000000-0000-0000-0000-000000000021', 'CHANGE_SET', 'The change set this property belongs to', 0, '00000000-0000-0000-0000-000000000017');

INSERT INTO REP_FACT_TABLE (ID, NAME, DISPLAY_NAME, DESCRIPTION)
VALUES ('00000000-0000-0000-0000-000000000019', 'SOURCE_CHANGE', 'Source Changes', 'Source Changes');

INSERT INTO REP_FACT_TABLE_COLUMN (FACT_TABLE_ID, NAME, DESCRIPTION, NULLABLE, DIMENSION_ID)
VALUES ('00000000-0000-0000-0000-000000000019', 'CHANGE_SET', 'The change set.', 0, '00000000-0000-0000-0000-000000000017');
INSERT INTO REP_FACT_TABLE_COLUMN (FACT_TABLE_ID, NAME, DESCRIPTION, NULLABLE, DIMENSION_ID)
VALUES ('00000000-0000-0000-0000-000000000019', 'BUILD_LIFE', 'The build life.', 0, '00000000-0000-0000-0000-000000000010');

INSERT INTO REP_FACT_TABLE (ID, NAME, DISPLAY_NAME, DESCRIPTION)
VALUES ('00000000-0000-0000-0000-000000000020', 'FILE_CHANGE', 'Source File Changes', 'Changes to an artifact');

INSERT INTO REP_FACT_TABLE_COLUMN (FACT_TABLE_ID, NAME, DESCRIPTION, NULLABLE, DIMENSION_ID)
VALUES ('00000000-0000-0000-0000-000000000020', 'CHANGE_SET', 'The change set this change is a part of', 0, '00000000-0000-0000-0000-000000000017');
INSERT INTO REP_FACT_TABLE_COLUMN (FACT_TABLE_ID, NAME, DESCRIPTION, NULLABLE)
VALUES ('00000000-0000-0000-0000-000000000020', 'CHANGE_TYPE', '(A)dd, (D)elete, or (M)odified', 1);
INSERT INTO REP_FACT_TABLE_COLUMN (FACT_TABLE_ID, NAME, DESCRIPTION, NULLABLE)
VALUES ('00000000-0000-0000-0000-000000000020', 'CHANGE_PATH', 'The path torwards the changed file', 0);
INSERT INTO REP_FACT_TABLE_COLUMN (FACT_TABLE_ID, NAME, DESCRIPTION, NULLABLE)
VALUES ('00000000-0000-0000-0000-000000000020', 'REVISION_NUMBER', 'The revision number of the change', 1);



INSERT INTO REP_DIMENSION (ID, NAME, DISPLAY_NAME, DESCRIPTION, MUTABLE)
VALUES ('00000000-0000-0000-0000-000000000022', 'ISSUE_TRACKER_DIM', 'Issue Trackers', 'Issue Tracker', 1);

INSERT INTO REP_DIMENSION_COLUMN (PARENT_ID, NAME, DESCRIPTION, NULLABLE, PRIMARY_KEY)
VALUES ('00000000-0000-0000-0000-000000000022', 'NAME', 'The name of the issue tracker', 0, 1);


INSERT INTO REP_DIMENSION (ID, NAME, DISPLAY_NAME, DESCRIPTION, MUTABLE)
VALUES ('00000000-0000-0000-0000-000000000023', 'ISSUE_DIM', 'Issues', 'Issues from an issue tracker', 1);

INSERT INTO REP_DIMENSION_COLUMN (PARENT_ID, NAME, DESCRIPTION, NULLABLE, PRIMARY_KEY)
VALUES ('00000000-0000-0000-0000-000000000023', 'ISSUE_ID', 'The id of the issue', 0, 1);
INSERT INTO REP_DIMENSION_COLUMN (PARENT_ID, NAME, DESCRIPTION, NULLABLE, PRIMARY_KEY)
VALUES ('00000000-0000-0000-0000-000000000023', 'NAME', 'The name of the issue', 0, 0);
INSERT INTO REP_DIMENSION_COLUMN (PARENT_ID, NAME, DESCRIPTION, NULLABLE, PRIMARY_KEY)
VALUES ('00000000-0000-0000-0000-000000000023', 'TYPE', 'The type of the issue', 1, 0);
INSERT INTO REP_DIMENSION_COLUMN (PARENT_ID, NAME, DESCRIPTION, NULLABLE, PRIMARY_KEY)
VALUES ('00000000-0000-0000-0000-000000000023', 'STATUS', 'The status of the issue', 1, 0);
INSERT INTO REP_DIMENSION_COLUMN (PARENT_ID, NAME, DESCRIPTION, NULLABLE, PRIMARY_KEY)
VALUES ('00000000-0000-0000-0000-000000000023', 'OWNER', 'The owner of the issue', 1, 0);
INSERT INTO REP_DIMENSION_COLUMN (PARENT_ID, NAME, DESCRIPTION, NULLABLE, PRIMARY_KEY)
VALUES ('00000000-0000-0000-0000-000000000023', 'DESCRIPTION', 'The description of the issue', 1, 0);
INSERT INTO REP_DIMENSION_COLUMN (PARENT_ID, NAME, DESCRIPTION, NULLABLE, PRIMARY_KEY)
VALUES ('00000000-0000-0000-0000-000000000023', 'URL', 'The URL for the trackers page for this issue', 1, 0);
INSERT INTO REP_DIMENSION_COLUMN (PARENT_ID, NAME, DESCRIPTION, NULLABLE, DIMENSION_ID)
VALUES ('00000000-0000-0000-0000-000000000023', 'LAST_DATE', 'The date this issue was most recently updated', 0, '00000000-0000-0000-0000-000000000001');
INSERT INTO REP_DIMENSION_COLUMN (PARENT_ID, NAME, DESCRIPTION, NULLABLE, DIMENSION_ID)
VALUES ('00000000-0000-0000-0000-000000000023', 'LAST_TIME', 'The time this issue was most recently updated', 0, '00000000-0000-0000-0000-000000000002');
INSERT INTO REP_DIMENSION_COLUMN (PARENT_ID, NAME, DESCRIPTION, NULLABLE, DIMENSION_ID)
VALUES ('00000000-0000-0000-0000-000000000023', 'ISSUE_TRACKER', 'The issue tracker', 0, '00000000-0000-0000-0000-000000000022');


INSERT INTO REP_FACT_TABLE (ID, NAME, DISPLAY_NAME, DESCRIPTION)
VALUES ('00000000-0000-0000-0000-000000000024', 'CHANGE_SET_ISSUE_FACT', 'Issues from Source Changes', 'The relationship between issues and change sets');

INSERT INTO REP_FACT_TABLE_COLUMN (FACT_TABLE_ID, NAME, DESCRIPTION, NULLABLE, DIMENSION_ID)
VALUES ('00000000-0000-0000-0000-000000000024', 'CHANGE_SET', 'The change set', 0, '00000000-0000-0000-0000-000000000017');
INSERT INTO REP_FACT_TABLE_COLUMN (FACT_TABLE_ID, NAME, DESCRIPTION, NULLABLE, DIMENSION_ID)
VALUES ('00000000-0000-0000-0000-000000000024', 'ISSUE', 'The issue', 0, '00000000-0000-0000-0000-000000000023');


INSERT INTO REP_DIMENSION(ID, NAME, DISPLAY_NAME, DESCRIPTION, MUTABLE)
VALUES('00000000-0000-0000-0000-000000000026', 'SOURCE_ANALYTIC_REPORT_DIM', 'Source Analytics Reports', 'Source analytic report information', 1);

INSERT INTO REP_DIMENSION_COLUMN(PARENT_ID, NAME, DESCRIPTION, NULLABLE, PRIMARY_KEY)
VALUES('00000000-0000-0000-0000-000000000026', 'REPORT_ID', 'The unique id of the report', 0, 1);
INSERT INTO REP_DIMENSION_COLUMN(PARENT_ID, NAME, DESCRIPTION, NULLABLE, PRIMARY_KEY)
VALUES('00000000-0000-0000-0000-000000000026', 'REPORT_NAME', 'The name of the analytic report', 0, 0);
INSERT INTO REP_DIMENSION_COLUMN(PARENT_ID, NAME, DESCRIPTION, NULLABLE, PRIMARY_KEY, DIMENSION_ID)
VALUES('00000000-0000-0000-0000-000000000026', 'BUILD_LIFE', 'The build life the report is on.', 0, 0, '00000000-0000-0000-0000-000000000010');
INSERT INTO REP_DIMENSION_COLUMN(PARENT_ID, NAME, DESCRIPTION, NULLABLE, PRIMARY_KEY)
VALUES('00000000-0000-0000-0000-000000000026', 'TYPE', 'The type of the source analytic', 0, 0);
INSERT INTO REP_DIMENSION_COLUMN(PARENT_ID, NAME, DESCRIPTION, NULLABLE, PRIMARY_KEY)
VALUES('00000000-0000-0000-0000-000000000026', 'URL_LINK', 'The URL link for the source analytic', 1, 0);
INSERT INTO REP_DIMENSION_COLUMN(PARENT_ID, NAME, DESCRIPTION, NULLABLE, PRIMARY_KEY, DIMENSION_ID)
VALUES('00000000-0000-0000-0000-000000000026', 'REPORT_DATE', 'The date of the report.', 0, 0, '00000000-0000-0000-0000-000000000001');
INSERT INTO REP_DIMENSION_COLUMN(PARENT_ID, NAME, DESCRIPTION, NULLABLE, PRIMARY_KEY, DIMENSION_ID)
VALUES('00000000-0000-0000-0000-000000000026', 'REPORT_TIME', 'The time of the report.', 0, 0, '00000000-0000-0000-0000-000000000002');

INSERT INTO REP_FACT_TABLE(ID, NAME, DISPLAY_NAME, DESCRIPTION)
VALUES('00000000-0000-0000-0000-000000000027', 'SOURCE_ANALYTIC', 'Source Analytic Findings', 'Source analytics in a build life process');

INSERT INTO REP_FACT_TABLE_COLUMN(FACT_TABLE_ID, NAME, DESCRIPTION, NULLABLE, DIMENSION_ID)
VALUES('00000000-0000-0000-0000-000000000027', 'REPORT', 'The report for the source analytic findings', 0, '00000000-0000-0000-0000-000000000026');
INSERT INTO REP_FACT_TABLE_COLUMN(FACT_TABLE_ID, NAME, DESCRIPTION, NULLABLE)
VALUES('00000000-0000-0000-0000-000000000027', 'FINDING_ID', 'The ID for the source analytic finding', 1);
INSERT INTO REP_FACT_TABLE_COLUMN(FACT_TABLE_ID, NAME, DESCRIPTION, NULLABLE)
VALUES('00000000-0000-0000-0000-000000000027', 'NAME', 'The name of the source analytic finding', 1);
INSERT INTO REP_FACT_TABLE_COLUMN(FACT_TABLE_ID, NAME, DESCRIPTION, NULLABLE)
VALUES('00000000-0000-0000-0000-000000000027', 'FILE_NAME', 'The name of the file that contained the finding', 1);
INSERT INTO REP_FACT_TABLE_COLUMN(FACT_TABLE_ID, NAME, DESCRIPTION, NULLABLE)
VALUES('00000000-0000-0000-0000-000000000027', 'LINE_NUMBER', 'The line number where the finding was located', 1);
INSERT INTO REP_FACT_TABLE_COLUMN(FACT_TABLE_ID, NAME, DESCRIPTION, NULLABLE)
VALUES('00000000-0000-0000-0000-000000000027', 'STATUS', 'The status of the source analytic finding', 1);
INSERT INTO REP_FACT_TABLE_COLUMN(FACT_TABLE_ID, NAME, DESCRIPTION, NULLABLE)
VALUES('00000000-0000-0000-0000-000000000027', 'SEVERITY', 'The severity of the source analytic finding', 1);
INSERT INTO REP_FACT_TABLE_COLUMN(FACT_TABLE_ID, NAME, DESCRIPTION, NULLABLE)
VALUES('00000000-0000-0000-0000-000000000027', 'FINDING_URL_LINK', 'The URL link for the finding', 1);
INSERT INTO REP_FACT_TABLE_COLUMN(FACT_TABLE_ID, NAME, DESCRIPTION, NULLABLE)
VALUES('00000000-0000-0000-0000-000000000027', 'DESCRIPTION', 'The description of the source analytic finding', 1);

INSERT INTO REP_DIMENSION(ID, NAME, DISPLAY_NAME, DESCRIPTION, MUTABLE)
VALUES('00000000-0000-0000-0000-000000000028', 'CODE_COVERAGE_REPORT_DIM', 'Coverage Reports', 'Code coverage report information', 1);

INSERT INTO REP_DIMENSION_COLUMN(PARENT_ID, NAME, DESCRIPTION, NULLABLE, PRIMARY_KEY)
    VALUES('00000000-0000-0000-0000-000000000028', 'REPORT_ID', 'The unique id of the report', 0, 1);
INSERT INTO REP_DIMENSION_COLUMN(PARENT_ID, NAME, DESCRIPTION, NULLABLE, PRIMARY_KEY)
    VALUES('00000000-0000-0000-0000-000000000028', 'REPORT_NAME', 'The name of the code coverage report', 0, 0);
INSERT INTO REP_DIMENSION_COLUMN(PARENT_ID, NAME, DESCRIPTION, NULLABLE, PRIMARY_KEY, DIMENSION_ID)
    VALUES('00000000-0000-0000-0000-000000000028', 'BUILD_LIFE', 'The build life the report is on.', 0, 0,
    '00000000-0000-0000-0000-000000000010');
INSERT INTO REP_DIMENSION_COLUMN(PARENT_ID, NAME, DESCRIPTION, NULLABLE, PRIMARY_KEY)
    VALUES('00000000-0000-0000-0000-000000000028', 'COVERAGE_TYPE', 'The type of the code coverage', 0, 0);
INSERT INTO REP_DIMENSION_COLUMN(PARENT_ID, NAME, DESCRIPTION, NULLABLE, PRIMARY_KEY)
    VALUES('00000000-0000-0000-0000-000000000028', 'LINE_PERC', 'The line coverage percentage for the report', 1, 0);
INSERT INTO REP_DIMENSION_COLUMN(PARENT_ID, NAME, DESCRIPTION, NULLABLE, PRIMARY_KEY)
    VALUES('00000000-0000-0000-0000-000000000028', 'METHOD_PERC', 'The method coverage percentage for the report', 1, 0);
INSERT INTO REP_DIMENSION_COLUMN(PARENT_ID, NAME, DESCRIPTION, NULLABLE, PRIMARY_KEY)
    VALUES('00000000-0000-0000-0000-000000000028', 'BRANCH_PERC', 'The branch coverage percentage for the report', 1, 0);
INSERT INTO REP_DIMENSION_COLUMN(PARENT_ID, NAME, DESCRIPTION, NULLABLE, PRIMARY_KEY, DIMENSION_ID)
    VALUES('00000000-0000-0000-0000-000000000028', 'REPORT_DATE', 'The date of the report.', 0, 0,
    '00000000-0000-0000-0000-000000000001');
INSERT INTO REP_DIMENSION_COLUMN(PARENT_ID, NAME, DESCRIPTION, NULLABLE, PRIMARY_KEY, DIMENSION_ID)
    VALUES('00000000-0000-0000-0000-000000000028', 'REPORT_TIME', 'The time of the report.', 0, 0,
    '00000000-0000-0000-0000-000000000002');

INSERT INTO REP_FACT_TABLE(ID, NAME, DISPLAY_NAME, DESCRIPTION)
    VALUES('00000000-0000-0000-0000-000000000029', 'CODE_COVERAGE_GROUP', 'Coverage Groups', 'Code coverage in a build life process');

INSERT INTO REP_FACT_TABLE_COLUMN(FACT_TABLE_ID, NAME, DESCRIPTION, NULLABLE, DIMENSION_ID)
    VALUES('00000000-0000-0000-0000-000000000029', 'REPORT', 'The report for the code coverage groups', 0,
    '00000000-0000-0000-0000-000000000028');
INSERT INTO REP_FACT_TABLE_COLUMN(FACT_TABLE_ID, NAME, DESCRIPTION, NULLABLE)
    VALUES('00000000-0000-0000-0000-000000000029', 'NAME', 'The name of the source analytic finding', 1);
INSERT INTO REP_FACT_TABLE_COLUMN(FACT_TABLE_ID, NAME, DESCRIPTION, NULLABLE)
    VALUES('00000000-0000-0000-0000-000000000029', 'LINE_PERC', 'The line coverage percentage for the group', 1);
INSERT INTO REP_FACT_TABLE_COLUMN(FACT_TABLE_ID, NAME, DESCRIPTION, NULLABLE)
    VALUES('00000000-0000-0000-0000-000000000029', 'METHOD_PERC', 'The method coverage percentage for the group', 1);
INSERT INTO REP_FACT_TABLE_COLUMN(FACT_TABLE_ID, NAME, DESCRIPTION, NULLABLE)
    VALUES('00000000-0000-0000-0000-000000000029', 'BRANCH_PERC', 'The branch coverage percentage for the group', 1);
INSERT INTO REP_FACT_TABLE_COLUMN(FACT_TABLE_ID, NAME, DESCRIPTION, NULLABLE)
    VALUES('00000000-0000-0000-0000-000000000029', 'COMPLEXITY', 'The complexity for the group', 1);


INSERT INTO REP_DIMENSION (ID, NAME, DISPLAY_NAME, DESCRIPTION, MUTABLE)
    VALUES ('00000000-0000-0000-0000-000000000030', 'BUILD_CONFIG_DIM', 'Build Configurations', 'Build Configuration', 1);

INSERT INTO REP_DIMENSION_COLUMN (PARENT_ID, NAME, DESCRIPTION, NULLABLE, PRIMARY_KEY)
    VALUES ('00000000-0000-0000-0000-000000000030', 'BUILD_CONFIG_ID', 'The id of the build configuration', 0, 1);
INSERT INTO REP_DIMENSION_COLUMN (PARENT_ID, NAME, DESCRIPTION, NULLABLE, PRIMARY_KEY)
    VALUES ('00000000-0000-0000-0000-000000000030', 'BUILD_CONFIG_NAME', 'The name of the build configuration', 0, 0);
INSERT INTO REP_DIMENSION_COLUMN (PARENT_ID, NAME, DESCRIPTION, NULLABLE, DIMENSION_ID)
    VALUES ('00000000-0000-0000-0000-000000000010', 'BUILD_CONFIGURATION', 'The build configuration optionally applied on this build life', 1, '00000000-0000-0000-0000-000000000030');


INSERT INTO REP_FACT_TABLE (ID, NAME, DESCRIPTION, DISPLAY_NAME)
    VALUES ('00000000-0000-0000-0000-000000000030', 'ISSUE_PROPERTY', 'A property for an issue', 'Issue Properties');

INSERT INTO REP_FACT_TABLE_COLUMN (FACT_TABLE_ID, NAME, DESCRIPTION, NULLABLE)
    VALUES ('00000000-0000-0000-0000-000000000030', 'PROP_NAME', 'The name of the property', 0);
INSERT INTO REP_FACT_TABLE_COLUMN (FACT_TABLE_ID, NAME, DESCRIPTION, NULLABLE)
    VALUES ('00000000-0000-0000-0000-000000000030', 'PROP_VALUE', 'The value of the property', 0);
INSERT INTO REP_FACT_TABLE_COLUMN (FACT_TABLE_ID, NAME, DESCRIPTION, NULLABLE, DIMENSION_ID)
    VALUES ('00000000-0000-0000-0000-000000000030', 'ISSUE', 'The issue this property belongs to', 0, '00000000-0000-0000-0000-000000000023');


INSERT INTO REP_DIMENSION (ID, NAME, DISPLAY_NAME, DESCRIPTION, MUTABLE)
    VALUES ('00000000-0000-0000-0000-000000000031', 'AGENT_DIM', 'Agent', 'Agent', 1);

INSERT INTO REP_DIMENSION_COLUMN (PARENT_ID, NAME, DESCRIPTION, NULLABLE, PRIMARY_KEY)
    VALUES ('00000000-0000-0000-0000-000000000031', 'ENDPOINT_ID', 'The communication endpoint id of the agent', 0, 1);
INSERT INTO REP_DIMENSION_COLUMN (PARENT_ID, NAME, DESCRIPTION, NULLABLE, PRIMARY_KEY)
    VALUES ('00000000-0000-0000-0000-000000000031', 'NAME', 'The name of the agent', 0, 0);


INSERT INTO REP_DIMENSION (ID, NAME, DISPLAY_NAME, DESCRIPTION, MUTABLE)
    VALUES ('00000000-0000-0000-0000-000000000032', 'JOB_DIM', 'Job', 'Job', 1);

INSERT INTO REP_DIMENSION_COLUMN (PARENT_ID, NAME, DESCRIPTION, NULLABLE, PRIMARY_KEY)
    VALUES ('00000000-0000-0000-0000-000000000032', 'JOB_ID', 'The id of the job', 0, 1);
INSERT INTO REP_DIMENSION_COLUMN (PARENT_ID, NAME, DESCRIPTION, NULLABLE, PRIMARY_KEY)
    VALUES ('00000000-0000-0000-0000-000000000032', 'NAME', 'The name of the job', 0, 0);


INSERT INTO REP_FACT_TABLE (ID, NAME, DESCRIPTION, DISPLAY_NAME)
    VALUES ('00000000-0000-0000-0000-000000000033', 'JOB_EXECUTION', 'Execution of a job in a process', 'Job Execution');

INSERT INTO REP_FACT_TABLE_COLUMN (FACT_TABLE_ID, NAME, DESCRIPTION, NULLABLE)
    VALUES ('00000000-0000-0000-0000-000000000033', 'JOB_INSTANCE_ID', 'The id of the job execution', 0);
INSERT INTO REP_FACT_TABLE_COLUMN (FACT_TABLE_ID, NAME, DESCRIPTION, NULLABLE, DIMENSION_ID)
    VALUES ('00000000-0000-0000-0000-000000000033', 'JOB', 'The id of the job configuration', 0, '00000000-0000-0000-0000-000000000032');
INSERT INTO REP_FACT_TABLE_COLUMN (FACT_TABLE_ID, NAME, DESCRIPTION, NULLABLE, DIMENSION_ID)
    VALUES ('00000000-0000-0000-0000-000000000033', 'AGENT', 'The id of the agent', 1, '00000000-0000-0000-0000-000000000031');
INSERT INTO REP_FACT_TABLE_COLUMN (FACT_TABLE_ID, NAME, DESCRIPTION, NULLABLE, DIMENSION_ID)
    VALUES ('00000000-0000-0000-0000-000000000033', 'PROJECT', 'The id of the project', 0, '00000000-0000-0000-0000-000000000008');
INSERT INTO REP_FACT_TABLE_COLUMN (FACT_TABLE_ID, NAME, DESCRIPTION, NULLABLE)
    VALUES ('00000000-0000-0000-0000-000000000033', 'PROCESS_EXECUTION', 'The id of the process instance.', 1);
INSERT INTO REP_FACT_TABLE_COLUMN (FACT_TABLE_ID, NAME, DESCRIPTION, NULLABLE, DIMENSION_ID)
    VALUES ('00000000-0000-0000-0000-000000000033', 'QUEUE_DATE', 'The date this job was queued', 0, '00000000-0000-0000-0000-000000000001');
INSERT INTO REP_FACT_TABLE_COLUMN (FACT_TABLE_ID, NAME, DESCRIPTION, NULLABLE, DIMENSION_ID)
    VALUES ('00000000-0000-0000-0000-000000000033', 'QUEUE_TIME', 'The time this job was queued', 0, '00000000-0000-0000-0000-000000000002');
INSERT INTO REP_FACT_TABLE_COLUMN (FACT_TABLE_ID, NAME, DESCRIPTION, NULLABLE, DIMENSION_ID)
    VALUES ('00000000-0000-0000-0000-000000000033', 'START_DATE', 'The date this job started', 0, '00000000-0000-0000-0000-000000000001');
INSERT INTO REP_FACT_TABLE_COLUMN (FACT_TABLE_ID, NAME, DESCRIPTION, NULLABLE, DIMENSION_ID)
    VALUES ('00000000-0000-0000-0000-000000000033', 'START_TIME', 'The time this job started', 0, '00000000-0000-0000-0000-000000000002');
INSERT INTO REP_FACT_TABLE_COLUMN (FACT_TABLE_ID, NAME, DESCRIPTION, NULLABLE, DIMENSION_ID)
    VALUES ('00000000-0000-0000-0000-000000000033', 'END_DATE', 'The date this job finished', 0, '00000000-0000-0000-0000-000000000001');
INSERT INTO REP_FACT_TABLE_COLUMN (FACT_TABLE_ID, NAME, DESCRIPTION, NULLABLE, DIMENSION_ID)
    VALUES ('00000000-0000-0000-0000-000000000033', 'END_TIME', 'The time this job finished', 0, '00000000-0000-0000-0000-000000000002');
INSERT INTO REP_FACT_TABLE_COLUMN (FACT_TABLE_ID, NAME, DESCRIPTION, NULLABLE)
    VALUES ('00000000-0000-0000-0000-000000000033', 'QUEUE_DURATION', 'The duration of the job waiting for a agent.', 0);
INSERT INTO REP_FACT_TABLE_COLUMN (FACT_TABLE_ID, NAME, DESCRIPTION, NULLABLE)
    VALUES ('00000000-0000-0000-0000-000000000033', 'EXEC_DURATION', 'The duration of the job execution once it has started.', 0);
INSERT INTO REP_FACT_TABLE_COLUMN (FACT_TABLE_ID, NAME, DESCRIPTION, NULLABLE)
    VALUES ('00000000-0000-0000-0000-000000000033', 'RESULT', 'The result of the job.', 0);


INSERT INTO REP_FACT_TABLE (ID, NAME, DESCRIPTION, DISPLAY_NAME)
    VALUES ('00000000-0000-0000-0000-000000000034', 'SOURCE_ANALYTIC_SUMMARY', 'Source Analytic Summaries', 'Source analytics grouped into counts by finding type.');

INSERT INTO REP_FACT_TABLE_COLUMN(FACT_TABLE_ID, NAME, DESCRIPTION, NULLABLE, DIMENSION_ID)
VALUES('00000000-0000-0000-0000-000000000034', 'REPORT', 'The report for the source analytic findings', 0, '00000000-0000-0000-0000-000000000026');
INSERT INTO REP_FACT_TABLE_COLUMN(FACT_TABLE_ID, NAME, DESCRIPTION, NULLABLE)
VALUES('00000000-0000-0000-0000-000000000034', 'NAME', 'The name of the source analytic finding', 0);
INSERT INTO REP_FACT_TABLE_COLUMN(FACT_TABLE_ID, NAME, DESCRIPTION, NULLABLE)
VALUES('00000000-0000-0000-0000-000000000034', 'SEVERITY', 'The severity of the source analytic finding', 0);
INSERT INTO REP_FACT_TABLE_COLUMN(FACT_TABLE_ID, NAME, DESCRIPTION, NULLABLE)
VALUES('00000000-0000-0000-0000-000000000034', 'FINDING_COUNT', 'The number of findings found in the report', 0);
INSERT INTO REP_FACT_TABLE_COLUMN(FACT_TABLE_ID, NAME, DESCRIPTION, NULLABLE)
VALUES('00000000-0000-0000-0000-000000000034', 'FINDING_URL_LINK', 'The URL link for the finding', 1);
INSERT INTO REP_FACT_TABLE_COLUMN(FACT_TABLE_ID, NAME, DESCRIPTION, NULLABLE)
VALUES('00000000-0000-0000-0000-000000000034', 'DESCRIPTION', 'The description of the source analytic finding', 1);

-- Add built-in reports as security resources
INSERT INTO sec_resource(id, version, name, enabled, sec_resource_type_id)
VALUES('00000000-0000-0000-0000-000000000001',0,'Build Process Avg Duration','Y','00000000-0000-0000-0000-000000100000');
INSERT INTO sec_resource(id, version, name, enabled, sec_resource_type_id)
VALUES('00000000-0000-0000-0000-000000000002',0,'Builds Per Month','Y','00000000-0000-0000-0000-000000100000');
INSERT INTO sec_resource(id, version, name, enabled, sec_resource_type_id)
VALUES('00000000-0000-0000-0000-000000000003',0,'Most Changed Source Files','Y','00000000-0000-0000-0000-000000100000');
INSERT INTO sec_resource(id, version, name, enabled, sec_resource_type_id)
VALUES('00000000-0000-0000-0000-000000000004',0,'Process Average Duration','Y','00000000-0000-0000-0000-000000100000');
INSERT INTO sec_resource(id, version, name, enabled, sec_resource_type_id)
VALUES('00000000-0000-0000-0000-000000000005',0,'Project Onboarding','Y','00000000-0000-0000-0000-000000100000');

-- Add built-in reports to reports table
INSERT INTO REP_REPORT(ID, NAME, DESCRIPTION, RESOURCE_ID, QUERY, OUTPUT_CONFIG)
VALUES('00000000-0000-0000-0000-000000000001', 'Builds Per Month', NULL, '00000000-0000-0000-0000-000000000001', '{"table":"PROCESS_EXECUTION","criteria":[{"type":">","column":"END_DATE.YEAR_NUM + ''_'' + END_DATE.MONTH","value":"${now.addYears(-1).yearAndMonth}"},{"type":"equals","column":"PROCESS.PROCESS_TEMPLATE.PROCESS_TYPE","value":"Build"}],"order_by":[{"column":"END_DATE.YEAR_NUM + ''_'' + END_DATE.MONTH","direction":"ASC"}],"columns":[{"name":"PROCESS_ID","alias":"Builds","function":"COUNT"},{"name":"RESULT","alias":"Result"},{"name":"END_DATE.YEAR_NUM + ''_'' + END_DATE.MONTH","alias":"Month"}]}', '{"type":"COLUMN_CHART","seriesName":"Month","seriesColumn":"Month","seriesCategoryColumn":"Result","dataName":"Builds","dataColumn":"Builds"}');
INSERT INTO REP_REPORT(ID, NAME, DESCRIPTION, RESOURCE_ID, QUERY, OUTPUT_CONFIG)
VALUES('00000000-0000-0000-0000-000000000002', 'Most Changed Source Files', 'Source files with the most changes.', '00000000-0000-0000-0000-000000000002', '{"table":"FILE_CHANGE","order_by":[{"column":"CHANGE_TYPE","direction":"DESC"}],"columns":[{"name":"CHANGE_PATH","alias":"File"},{"name":"CHANGE_TYPE","alias":"Changes","function":"COUNT"}]}', NULL);
INSERT INTO REP_REPORT(ID, NAME, DESCRIPTION, RESOURCE_ID, QUERY, OUTPUT_CONFIG)
VALUES('00000000-0000-0000-0000-000000000003', 'Process Average Duration', 'Graph the average duration of executions for each build process.', '00000000-0000-0000-0000-000000000003', '{"table":"PROCESS_EXECUTION","columns":[{"name":"BUILD_LIFE.BUILD_PROCESS.PROCESS_ID","function":"COUNT"},{"name":"BUILD_LIFE.BUILD_PROCESS.PROCESS_NAME"},{"name":"BUILD_LIFE.BUILD_PROCESS.PROJECT.PROJECT_NAME"},{"name":"DURATION","function":"AVG"}],"criteria":[{"type":"equals","column":"RESULT","value":"Complete"},{"type":"equals","column":"PROCESS.PROCESS_TEMPLATE.PROCESS_TYPE","value":"Build"}]}', '{"type":"COLUMN_CHART","seriesName":"Project","seriesColumn":"BUILD_LIFE.BUILD_PROCESS.PROJECT.PROJECT_NAME","dataName":"Avg Duration","dataColumn":"AVG(DURATION)"}');
INSERT INTO REP_REPORT(ID, NAME, DESCRIPTION, RESOURCE_ID, QUERY, OUTPUT_CONFIG)
VALUES('00000000-0000-0000-0000-000000000004', 'Project Onboarding', 'Number of projects created per month.', '00000000-0000-0000-0000-000000000004','{"table":"OBJECT_CONFIG_AUDITING","criteria":[{"type":"equals","column":"ACTION","value":"Create"},{"type":"equals","column":"CONFIG_OBJECT.OBJECT_TYPE","value":"Project"},{"type":"like","column":"DESCRIPTION","value":"Created project%"}],"columns":[{"name":"ACTION","function":"COUNT"},{"name":"ACTION_DATE.YEAR_NUM + ''_'' + ACTION_DATE.MONTH","alias":"Month","function":"DISTINCT"}]}', '{"type":"COLUMN_CHART","seriesName":"Month","seriesColumn":"Month","dataName":"Projects Created","dataColumn":"COUNT(ACTION)"}');
