<?xml version="1.0" encoding="UTF-8" standalone="yes"?>
<!--
- Licensed Materials - Property of IBM Corp.
- IBM UrbanCode Build
- IBM UrbanCode Deploy
- IBM UrbanCode Release
- IBM AnthillPro
- (c) Copyright IBM Corporation 2002, 2014. All Rights Reserved.
-
- U.S. Government Users Restricted Rights - Use, duplication or disclosure restricted by
- GSA ADP Schedule Contract with IBM Corp.
-->
<project xmlns="http://www.urbancode.com/schema/ubuild/cs/project-dependencies/1.0"
  name="Project_Name" workflow="Workflow_Name">
  <dependencies>
    <dependency>
      <project name="Dependency_Project" process="Dependency_Workflow"/>
      <criteria status="success"/>
      <delivery artifact-set="Libraries" transitive="true">
        <directory>lib</directory>
      </delivery>
      <delivery artifact-set="Documentation" transitive="true">
        <directory>docs</directory>
      </delivery>
    </dependency>
    <dependency>
      <cs-project name="3rd_Party_Project"/>
      <criteria status="approved"/>
      <delivery artifact-set="Libraries">
        <directory>lib</directory>
      </delivery>
    </dependency>
  </dependencies>
</project>