<!--
- Licensed Materials - Property of IBM Corp.
- IBM UrbanCode Build
- IBM UrbanCode Deploy
- IBM UrbanCode Release
- IBM AnthillPro
- (c) Copyright IBM Corporation 2002, 2014. All Rights Reserved.
-
- U.S. Government Users Restricted Rights - Use, duplication or disclosure restricted by
- GSA ADP Schedule Contract with IBM Corp.
-->
<project name="ibm_ucb_ant_client" basedir="." default="resolve"
    xmlns:codestation="antlib:com.urbancode.ubuild.codestation.client">

    <!--
      This example script is a sample of a Ant script that demonstrates the use
      of the CodeStation Ant tasks and using file-based dependency configuration.
      The project dependencies are defined in a XML file that would be stored
      in the SCM. In this example, they are in the dependencies.xml file.
      
      The ant tasks can be installed by placing the ibm-ucb-codestation-client-all.jar
      into the user's ~/.ant/lib directory. These directories may need to be
      created if they do not already exist.
      
      If IBM UrbanCode Build runs this Ant script, it should be configured to pass these
      properties:
        codestation.buildlife=${p:buildlife/id}
      -->
    <property name="codestation.project" value="Project_Name"/>
    <property name="codestation.process" value="Process_Name"/>
    <property name="codestation.buildlife" value=""/>

    <!--
      This target is an example of the resolve task when users have defined a 
      ~/.codestation/ibm-ucb-cs.properties file with the appropriate content.
    -->
    <target name="resolve-with-home-properties">
        <codestation:resolve
                     basedir="."
                     project="${codestation.project}"
                     process="${codestation.process}"
                     buildLife="${codestation.buildlife}"
                     xmlFile="dependencies.xml"
                     xmlOutputFile="dependencies.out.xml"/>
    </target>
    
    <!--
      This target  is an example of the resolve task with all needed properties
      passed as attributes
      
      For this example, we use a local ibm-ucb-cs.properties. Normally, the
      CodeStation client will attempt to read these same properties from a
      .codestation/ibm-ucb-cs.properties file in the user's home directory.
    -->
    <target name="resolve">
        <property file="ibm-ucb-cs.properties"/>
    
        <codestation:resolve
                     basedir="."
                     server="${codestation.server}"
                     username="${codestation.user}"
                     password="${codestation.password}"
                     project="${codestation.project}"
                     process="${codestation.process}"
                     buildLife="${codestation.buildlife}"
                     xmlFile="dependencies.xml"
                     xmlOutputFile="dependencies.out.xml"/>
    </target>
</project>